{
    "model": "COPOD",
    "best_params": {
        "contamination": 0.05
    },
    "roc_auc": 0.8600689101752553,
    "f1": 0.5343297524521252,
    "precision": 0.5416666666666666,
    "recall": 0.5271889400921659
}