{
    "model": "PCA",
    "best_params": {
        "contamination": 0.01,
        "n_components": 10,
        "random_state": 42
    },
    "roc_auc": 0.8602521902061073,
    "f1": 0.49547180835524396,
    "precision": 0.3627031650983747,
    "recall": 0.7815668202764977
}