{
  "model": "IForest",
  "best_params": {
    "contamination": 0.05,
    "max_features": 0.75,
    "max_samples": 0.1,
    "n_estimators": 25,
    "random_state": 42
  },
  "accuracy": 0.6759918616480163,
  "f1": 0.5267459138187222,
  "roc_auc": 0.8023580515048092,
  "precision": 0.35753908219868885,
  "recall": 1.0
}