{
  "model": "KDE",
  "best_params": {
    "bandwidth": 5,
    "contamination": 0.05,
    "kernel": "gaussian"
  },
  "accuracy": 0.7082061715835877,
  "f1": 0.5527546777546778,
  "roc_auc": 0.8220084807115524,
  "precision": 0.3819357155683247,
  "recall": 1.0
}