{
  "model": "KNN",
  "best_params": {
    "contamination": 0.05,
    "method": "largest",
    "n_neighbors": 35
  },
  "accuracy": 0.5132248219735503,
  "f1": 0.4255702280912365,
  "roc_auc": 0.7030716723549488,
  "precision": 0.27030118185284024,
  "recall": 1.0
}