{
  "model": "OCSVM",
  "best_params": {
    "contamination": 0.05,
    "gamma": 0.001,
    "kernel": "rbf",
    "nu": 0.05
  },
  "accuracy": 0.688538487622923,
  "f1": 0.5365792129162462,
  "roc_auc": 0.8100113765642776,
  "precision": 0.36666092053094296,
  "recall": 1.0
}