{
    "threshold": 43.21980439919457,
    "overall_performance": {
        "n_samples_total": 5817,
        "n_normal": 4732,
        "n_attacks": 1085,
        "auc": 0.8304614917163659,
        "f1": 0.5969331872946331,
        "precision": 0.7354925775978407,
        "recall": 0.5023041474654378,
        "accuracy": 0.8734742994670792,
        "detection_rate": 0.5023041474654378,
        "fp_rate": 0.04142011834319527,
        "tp": 545,
        "fn": 540,
        "fp": 196,
        "tn": 4536
    },
    "normal_condition": {
        "n_samples": 4732,
        "correctly_classified": 4536,
        "misclassified_as_attack": 196,
        "accuracy": 0.9585798816568047,
        "score_mean": 26.86268125515515,
        "score_min": 14.464400991400037,
        "score_max": 51.78378159336133
    },
    "attacks_by_category": {
        "flooding": {
            "attack_code": 0,
            "n_samples": 1026,
            "correctly_detected": 523,
            "missed": 503,
            "detection_rate": 0.5097465886939572,
            "normal_in_score_range": 1833,
            "normal_misclassified_in_range": 196,
            "auc_vs_normal": 0.8346470218939854,
            "score_mean": 38.87118799119708,
            "score_min": 29.141561990009162,
            "score_max": 54.68460923822431
        },
        "session_deletion": {
            "attack_code": 1,
            "n_samples": 13,
            "correctly_detected": 0,
            "missed": 13,
            "detection_rate": 0.0,
            "normal_in_score_range": 838,
            "normal_misclassified_in_range": 0,
            "auc_vs_normal": 0.08454710969503867,
            "score_mean": 17.224412902071798,
            "score_min": 16.406011022037237,
            "score_max": 18.961290399773546
        },
        "session_modification": {
            "attack_code": 2,
            "n_samples": 12,
            "correctly_detected": 0,
            "missed": 12,
            "detection_rate": 0.0,
            "normal_in_score_range": 383,
            "normal_misclassified_in_range": 0,
            "auc_vs_normal": 0.9044096928712313,
            "score_mean": 36.542087893356246,
            "score_min": 34.50512161167469,
            "score_max": 39.27639463861021
        },
        "upf_pdn0_fault": {
            "attack_code": 5,
            "n_samples": 12,
            "correctly_detected": 0,
            "missed": 12,
            "detection_rate": 0.0,
            "normal_in_score_range": 202,
            "normal_misclassified_in_range": 0,
            "auc_vs_normal": 0.8960270498732037,
            "score_mean": 35.86458221865605,
            "score_min": 35.07076144361739,
            "score_max": 36.658402993694686
        },
        "restoration_teid": {
            "attack_code": 6,
            "n_samples": 22,
            "correctly_detected": 22,
            "missed": 0,
            "detection_rate": 1.0,
            "normal_in_score_range": 1,
            "normal_misclassified_in_range": 1,
            "auc_vs_normal": 0.9999327595481441,
            "score_mean": 53.27896263118942,
            "score_min": 49.67520994568664,
            "score_max": 56.74357299750283
        }
    },
    "model_name": "COPOD"
}