{
    "overall_performance": {
        "n_samples_total": 5817,
        "n_normal": 4732,
        "n_attacks": 1085,
        "auc": 0.8714145478767952,
        "f1": 0.5494398441305407,
        "precision": 0.5826446280991735,
        "recall": 0.5198156682027649,
        "accuracy": 0.8409833247378373,
        "detection_rate": 0.5198156682027649,
        "fp_rate": 0.08537616229923922,
        "tp": 564,
        "fn": 521,
        "fp": 404,
        "tn": 4328
    },
    "normal_condition": {
        "n_samples": 4732,
        "correctly_classified": 4328,
        "misclassified_as_attack": 404,
        "accuracy": 0.9146238377007607,
        "score_mean": 26.473154138143748,
        "score_min": 14.358315263089093,
        "score_max": 51.52881656525237
    },
    "attacks_by_category": {
        "flooding": {
            "attack_code": 0,
            "n_samples": 1026,
            "correctly_detected": 532,
            "missed": 494,
            "detection_rate": 0.5185185185185185,
            "auc_vs_normal": 0.8767742416527842,
            "score_mean": 39.59684285886027,
            "score_min": 30.306141308663637,
            "score_max": 54.98569238194949
        },
        "session_deletion": {
            "attack_code": 1,
            "n_samples": 13,
            "correctly_detected": 0,
            "missed": 13,
            "detection_rate": 0.0,
            "auc_vs_normal": 0.14942453995708432,
            "score_mean": 17.808940013586344,
            "score_min": 16.903298282523167,
            "score_max": 19.57357218028247
        },
        "session_modification": {
            "attack_code": 2,
            "n_samples": 12,
            "correctly_detected": 4,
            "missed": 8,
            "detection_rate": 0.3333333333333333,
            "auc_vs_normal": 0.9111897717666948,
            "score_mean": 36.57062007855688,
            "score_min": 35.05270868164183,
            "score_max": 38.732933035939105
        },
        "upf_pdn0_fault": {
            "attack_code": 5,
            "n_samples": 12,
            "correctly_detected": 6,
            "missed": 6,
            "detection_rate": 0.5,
            "auc_vs_normal": 0.9199070160608622,
            "score_mean": 37.07570408156649,
            "score_min": 36.28188330652784,
            "score_max": 37.86952485660514
        },
        "restoration_teid": {
            "attack_code": 6,
            "n_samples": 22,
            "correctly_detected": 22,
            "missed": 0,
            "detection_rate": 1.0,
            "auc_vs_normal": 0.9999423653269807,
            "score_mean": 53.237077805423,
            "score_min": 49.73894008825083,
            "score_max": 57.71504409017167
        }
    },
    "model_name": "COPOD"
}