{
    "overall_performance": {
        "n_samples_total": 5817,
        "n_normal": 4732,
        "n_attacks": 1085,
        "auc": 0.8841954571483108,
        "f1": 0.6358974358974359,
        "precision": 0.8328358208955224,
        "recall": 0.5142857142857142,
        "accuracy": 0.890149561629706,
        "detection_rate": 0.5142857142857142,
        "fp_rate": 0.023668639053254437,
        "tp": 558,
        "fn": 527,
        "fp": 112,
        "tn": 4620
    },
    "normal_condition": {
        "n_samples": 4732,
        "correctly_classified": 4620,
        "misclassified_as_attack": 112,
        "accuracy": 0.9763313609467456,
        "score_mean": 33.58837449390688,
        "score_min": 18.56266777003262,
        "score_max": 59.66275413057128
    },
    "attacks_by_category": {
        "flooding": {
            "attack_code": 0,
            "n_samples": 1026,
            "correctly_detected": 532,
            "missed": 494,
            "detection_rate": 0.5185185185185185,
            "auc_vs_normal": 0.8891181355756255,
            "score_mean": 48.86904046077619,
            "score_min": 37.28226661201712,
            "score_max": 68.95431610398406
        },
        "session_deletion": {
            "attack_code": 1,
            "n_samples": 13,
            "correctly_detected": 0,
            "missed": 13,
            "detection_rate": 0.0,
            "auc_vs_normal": 0.18913778529163144,
            "score_mean": 25.671321680504402,
            "score_min": 24.51332058714773,
            "score_max": 27.970122387429615
        },
        "session_modification": {
            "attack_code": 2,
            "n_samples": 12,
            "correctly_detected": 4,
            "missed": 8,
            "detection_rate": 0.3333333333333333,
            "auc_vs_normal": 0.9602352775429699,
            "score_mean": 49.637817424039774,
            "score_min": 47.19659397348259,
            "score_max": 53.89893592431693
        },
        "upf_pdn0_fault": {
            "attack_code": 5,
            "n_samples": 12,
            "correctly_detected": 0,
            "missed": 12,
            "detection_rate": 0.0,
            "auc_vs_normal": 0.9280431107354185,
            "score_mean": 46.176192482475166,
            "score_min": 44.37703829813427,
            "score_max": 47.97534666681607
        },
        "restoration_teid": {
            "attack_code": 6,
            "n_samples": 22,
            "correctly_detected": 22,
            "missed": 0,
            "detection_rate": 1.0,
            "auc_vs_normal": 0.9999423653269807,
            "score_mean": 64.75761756381107,
            "score_min": 59.036373837586034,
            "score_max": 71.03236897893048
        }
    },
    "model_name": "ECOD"
}