{
    "overall_performance": {
        "n_samples_total": 5817,
        "n_normal": 4732,
        "n_attacks": 1085,
        "auc": 0.9550393243764389,
        "f1": 0.7715959004392386,
        "precision": 0.6399514268366727,
        "recall": 0.9714285714285714,
        "accuracy": 0.8927282104177411,
        "detection_rate": 0.9714285714285714,
        "fp_rate": 0.1253169907016061,
        "tp": 1054,
        "fn": 31,
        "fp": 593,
        "tn": 4139
    },
    "normal_condition": {
        "n_samples": 4732,
        "correctly_classified": 4139,
        "misclassified_as_attack": 593,
        "accuracy": 0.8746830092983939,
        "score_mean": -4.52699869148463,
        "score_min": -16.14564480097207,
        "score_max": 4.678192540490933
    },
    "attacks_by_category": {
        "flooding": {
            "attack_code": 0,
            "n_samples": 1026,
            "correctly_detected": 1026,
            "missed": 0,
            "detection_rate": 1.0,
            "auc_vs_normal": 0.9639139350677813,
            "score_mean": 6.363565258991316,
            "score_min": 0.2919642360371153,
            "score_max": 24.1774796870174
        },
        "session_deletion": {
            "attack_code": 1,
            "n_samples": 13,
            "correctly_detected": 0,
            "missed": 13,
            "detection_rate": 0.0,
            "auc_vs_normal": 0.4140873918980428,
            "score_mean": -4.736321301022179,
            "score_min": -5.092085736202607,
            "score_max": -4.396389967342205
        },
        "session_modification": {
            "attack_code": 2,
            "n_samples": 12,
            "correctly_detected": 2,
            "missed": 10,
            "detection_rate": 0.16666666666666666,
            "auc_vs_normal": 0.8682375316990703,
            "score_mean": -0.057116194061775705,
            "score_min": -0.6306826479496497,
            "score_max": 0.8060772980425379
        },
        "upf_pdn0_fault": {
            "attack_code": 5,
            "n_samples": 12,
            "correctly_detected": 12,
            "missed": 0,
            "detection_rate": 1.0,
            "auc_vs_normal": 0.9535080304311074,
            "score_mean": 1.7175394778415105,
            "score_min": 1.6429686062729734,
            "score_max": 1.7921103494100472
        },
        "restoration_teid": {
            "attack_code": 6,
            "n_samples": 22,
            "correctly_detected": 14,
            "missed": 8,
            "detection_rate": 0.6363636363636364,
            "auc_vs_normal": 0.9089948513025436,
            "score_mean": 0.7743549056537262,
            "score_min": -0.7565630454233061,
            "score_max": 2.526398671496637
        }
    },
    "model_name": "Ensemble_LogisticRegression_IForest_LOF_GMM_INNE_ABOD"
}