{
    "overall_performance": {
        "n_samples_total": 5817,
        "n_normal": 4732,
        "n_attacks": 1085,
        "auc": 0.9624092851494482,
        "f1": 0.7259107933265236,
        "precision": 0.5755939524838013,
        "recall": 0.9824884792626728,
        "accuracy": 0.8616125150421179,
        "detection_rate": 0.9824884792626728,
        "fp_rate": 0.1661031276415892,
        "tp": 1066,
        "fn": 19,
        "fp": 786,
        "tn": 3946
    },
    "normal_condition": {
        "n_samples": 4732,
        "correctly_classified": 3946,
        "misclassified_as_attack": 786,
        "accuracy": 0.8338968723584108,
        "score_mean": -2.6810309413581765,
        "score_min": -5.147703722700408,
        "score_max": 0.98329028951508
    },
    "attacks_by_category": {
        "flooding": {
            "attack_code": 0,
            "n_samples": 1026,
            "correctly_detected": 1026,
            "missed": 0,
            "detection_rate": 1.0,
            "auc_vs_normal": 0.9720158384125994,
            "score_mean": 0.9856017260935322,
            "score_min": 0.21467928871523634,
            "score_max": 2.8669986894115747
        },
        "session_deletion": {
            "attack_code": 1,
            "n_samples": 13,
            "correctly_detected": 0,
            "missed": 13,
            "detection_rate": 0.0,
            "auc_vs_normal": 0.24250601469536381,
            "score_mean": -4.669151232761593,
            "score_min": -4.876354245253608,
            "score_max": -4.441395929911442
        },
        "session_modification": {
            "attack_code": 2,
            "n_samples": 12,
            "correctly_detected": 6,
            "missed": 6,
            "detection_rate": 0.5,
            "auc_vs_normal": 0.8284551986475064,
            "score_mean": -0.0009317682564581828,
            "score_min": -0.555673310155049,
            "score_max": 0.6973157891379123
        },
        "upf_pdn0_fault": {
            "attack_code": 5,
            "n_samples": 12,
            "correctly_detected": 12,
            "missed": 0,
            "detection_rate": 1.0,
            "auc_vs_normal": 1.0,
            "score_mean": 1.020773788319443,
            "score_min": 1.0204488933089189,
            "score_max": 1.0210986833299665
        },
        "restoration_teid": {
            "attack_code": 6,
            "n_samples": 22,
            "correctly_detected": 22,
            "missed": 0,
            "detection_rate": 1.0,
            "auc_vs_normal": 0.9923538000461077,
            "score_mean": 1.824622384762227,
            "score_min": 0.8368308165941867,
            "score_max": 2.3586958823890565
        }
    },
    "model_name": "Ensemble_SVC_IForest_LOF_GMM_PCA_FeatureBagging"
}