{
    "overall_performance": {
        "n_samples_total": 5817,
        "n_normal": 5588,
        "n_attacks": 229,
        "auc": null,
        "f1": 0.9132176234979973,
        "precision": 0.882960413080895,
        "recall": 0.9456221198156682,
        "accuracy": 0.9664775657555441,
        "detection_rate": 0.0,
        "fp_rate": 0.18360773085182533,
        "tp": 0,
        "fn": 13,
        "fp": 1026,
        "tn": 0
    },
    "normal_condition": {
        "n_samples": 4732,
        "correctly_classified": 4732,
        "misclassified_as_attack": 0,
        "accuracy": 1.0,
        "score_mean": -10.828751090451032,
        "score_min": -18.9337798054012,
        "score_max": 2.3967872145181195
    },
    "attacks_by_category": {
        "flooding": {
            "attack_code": 0,
            "n_samples": 1026,
            "correctly_detected": 1026,
            "missed": 0,
            "detection_rate": 1.0,
            "auc_vs_normal": 0.9967439967439968,
            "score_mean": 4.89322909829588,
            "score_min": 0.8670388399595046,
            "score_max": 8.662688403013782
        },
        "session_deletion": {
            "attack_code": 1,
            "n_samples": 13,
            "correctly_detected": 13,
            "missed": 0,
            "detection_rate": 1.0,
            "auc_vs_normal": 0.6033389687235842,
            "score_mean": -11.163932916205393,
            "score_min": -11.168193422031809,
            "score_max": -11.16265474939982
        },
        "session_modification": {
            "attack_code": 2,
            "n_samples": 12,
            "correctly_detected": 12,
            "missed": 0,
            "detection_rate": 1.0,
            "auc_vs_normal": 0.8692237249929557,
            "score_mean": -3.0851123610999687,
            "score_min": -3.6689702410875302,
            "score_max": -1.9173966011248478
        },
        "upf_pdn0_fault": {
            "attack_code": 5,
            "n_samples": 12,
            "correctly_detected": 12,
            "missed": 0,
            "detection_rate": 1.0,
            "auc_vs_normal": 0.8858833474218089,
            "score_mean": -2.571738767188417,
            "score_min": -2.5717387671884167,
            "score_max": -2.5717387671884167
        },
        "restoration_teid": {
            "attack_code": 6,
            "n_samples": 22,
            "correctly_detected": 22,
            "missed": 0,
            "detection_rate": 1.0,
            "auc_vs_normal": 0.8619745638976408,
            "score_mean": -3.0167868302671197,
            "score_min": -4.656306758773994,
            "score_max": -1.1574331108405183
        }
    },
    "model_name": "Ensemble_LogisticRegression"
}