{
    "overall_performance": {
        "n_samples_total": 5817,
        "n_normal": 4732,
        "n_attacks": 1085,
        "auc": 0.9839891940742703,
        "f1": 0.9636363636363636,
        "precision": 0.9506726457399103,
        "recall": 0.9769585253456221,
        "accuracy": 0.9862472064638129,
        "detection_rate": 0.9769585253456221,
        "fp_rate": 0.01162299239222316,
        "tp": 1060,
        "fn": 25,
        "fp": 55,
        "tn": 4677
    },
    "normal_condition": {
        "n_samples": 4732,
        "correctly_classified": 4677,
        "misclassified_as_attack": 55,
        "accuracy": 0.9883770076077768,
        "score_mean": -1.4136658234694657,
        "score_min": -2.2489186865254935,
        "score_max": 2.004836427049931
    },
    "attacks_by_category": {
        "flooding": {
            "attack_code": 0,
            "n_samples": 1026,
            "correctly_detected": 1026,
            "missed": 0,
            "detection_rate": 1.0,
            "auc_vs_normal": 0.9996947496947497,
            "score_mean": 1.8670961345989054,
            "score_min": 0.9901274773183255,
            "score_max": 6.6450704430931165
        },
        "session_deletion": {
            "attack_code": 1,
            "n_samples": 13,
            "correctly_detected": 0,
            "missed": 13,
            "detection_rate": 0.0,
            "auc_vs_normal": 0.31791728981078093,
            "score_mean": -1.6533825191691256,
            "score_min": -1.6960069169733023,
            "score_max": -1.5113361093773983
        },
        "session_modification": {
            "attack_code": 2,
            "n_samples": 12,
            "correctly_detected": 0,
            "missed": 12,
            "detection_rate": 0.0,
            "auc_vs_normal": 0.3181706114398422,
            "score_mean": -1.6687625846772824,
            "score_min": -1.8588665450588064,
            "score_max": -1.2738108277647742
        },
        "upf_pdn0_fault": {
            "attack_code": 5,
            "n_samples": 12,
            "correctly_detected": 12,
            "missed": 0,
            "detection_rate": 1.0,
            "auc_vs_normal": 1.0,
            "score_mean": 2.16092305896835,
            "score_min": 2.160923058968198,
            "score_max": 2.1609230589685025
        },
        "restoration_teid": {
            "attack_code": 6,
            "n_samples": 22,
            "correctly_detected": 22,
            "missed": 0,
            "detection_rate": 1.0,
            "auc_vs_normal": 0.9995677399523554,
            "score_mean": 1.2042090809277466,
            "score_min": 0.830262389877769,
            "score_max": 1.6945262534025136
        }
    },
    "model_name": "Ensemble_SVC_HBOS_LOF_GMM_PCA"
}