{
    "overall_performance": {
        "n_samples_total": 5817,
        "n_normal": 4732,
        "n_attacks": 1085,
        "auc": 0.9579945931417042,
        "f1": 0.7712418300653595,
        "precision": 0.6363091671659676,
        "recall": 0.9788018433179724,
        "accuracy": 0.8916967509025271,
        "detection_rate": 0.9788018433179724,
        "fp_rate": 0.1282755705832629,
        "tp": 1062,
        "fn": 23,
        "fp": 607,
        "tn": 4125
    },
    "normal_condition": {
        "n_samples": 4732,
        "correctly_classified": 4125,
        "misclassified_as_attack": 607,
        "accuracy": 0.8717244294167371,
        "score_mean": -5.012389883837337,
        "score_min": -16.757801208208683,
        "score_max": 4.031044358110945
    },
    "attacks_by_category": {
        "flooding": {
            "attack_code": 0,
            "n_samples": 1026,
            "correctly_detected": 1026,
            "missed": 0,
            "detection_rate": 1.0,
            "auc_vs_normal": 0.9671598457023558,
            "score_mean": 9.600908142919433,
            "score_min": 0.6533790975510998,
            "score_max": 33.28501274041738
        },
        "session_deletion": {
            "attack_code": 1,
            "n_samples": 13,
            "correctly_detected": 0,
            "missed": 13,
            "detection_rate": 0.0,
            "auc_vs_normal": 0.3702451394759087,
            "score_mean": -6.397158081141874,
            "score_min": -6.86038397343192,
            "score_max": -5.480478917839646
        },
        "session_modification": {
            "attack_code": 2,
            "n_samples": 12,
            "correctly_detected": 2,
            "missed": 10,
            "detection_rate": 0.16666666666666666,
            "auc_vs_normal": 0.7370738236122851,
            "score_mean": -1.124180074924373,
            "score_min": -2.112690015395081,
            "score_max": 0.21275249001288898
        },
        "upf_pdn0_fault": {
            "attack_code": 5,
            "n_samples": 12,
            "correctly_detected": 12,
            "missed": 0,
            "detection_rate": 1.0,
            "auc_vs_normal": 1.0,
            "score_mean": 22.52720687946037,
            "score_min": 22.527206879454027,
            "score_max": 22.527206879466718
        },
        "restoration_teid": {
            "attack_code": 6,
            "n_samples": 22,
            "correctly_detected": 22,
            "missed": 0,
            "detection_rate": 1.0,
            "auc_vs_normal": 0.9754572350726197,
            "score_mean": 2.3481472193729642,
            "score_min": 0.5918033902611586,
            "score_max": 3.663873197612773
        }
    },
    "model_name": "Ensemble_LogisticRegression"
}