{
    "overall_performance": {
        "n_samples_total": 5817,
        "n_normal": 4732,
        "n_attacks": 1085,
        "auc": 0.8442119737759581,
        "f1": 0.40804813839789394,
        "precision": 0.2563193952279707,
        "recall": 1.0,
        "accuracy": 0.45882757435104005,
        "detection_rate": 1.0,
        "fp_rate": 0.665257819103973,
        "tp": 1085,
        "fn": 0,
        "fp": 3148,
        "tn": 1584
    },
    "normal_condition": {
        "n_samples": 4732,
        "correctly_classified": 1584,
        "misclassified_as_attack": 3148,
        "accuracy": 0.33474218089602703,
        "score_mean": 36.78898877736376,
        "score_min": 0.9580348381514678,
        "score_max": 620.1074191087566
    },
    "attacks_by_category": {
        "flooding": {
            "attack_code": 0,
            "n_samples": 1026,
            "correctly_detected": 1026,
            "missed": 0,
            "detection_rate": 1.0,
            "auc_vs_normal": 0.8420517104727631,
            "score_mean": 1.9977768364261758e+24,
            "score_min": 8.19311275641162,
            "score_max": 8.217649498903959e+24
        },
        "session_deletion": {
            "attack_code": 1,
            "n_samples": 13,
            "correctly_detected": 13,
            "missed": 0,
            "detection_rate": 1.0,
            "auc_vs_normal": 0.4634566616815138,
            "score_mean": 10.466822766251244,
            "score_min": 7.759322170999701,
            "score_max": 16.79662891260267
        },
        "session_modification": {
            "attack_code": 2,
            "n_samples": 12,
            "correctly_detected": 12,
            "missed": 0,
            "detection_rate": 1.0,
            "auc_vs_normal": 1.0,
            "score_mean": 608206725.344164,
            "score_min": 340810782.00760525,
            "score_max": 1455018260.1601179
        },
        "upf_pdn0_fault": {
            "attack_code": 5,
            "n_samples": 12,
            "correctly_detected": 12,
            "missed": 0,
            "detection_rate": 1.0,
            "auc_vs_normal": 1.0,
            "score_mean": 210228951.66878745,
            "score_min": 210228950.40770376,
            "score_max": 210228952.92987114
        },
        "restoration_teid": {
            "attack_code": 6,
            "n_samples": 22,
            "correctly_detected": 22,
            "missed": 0,
            "detection_rate": 1.0,
            "auc_vs_normal": 1.0,
            "score_mean": 16132491738.28153,
            "score_min": 11595214799.595657,
            "score_max": 19913555853.853096
        }
    },
    "model_name": "FeatureBagging"
}