{
    "threshold": 29.793208820095142,
    "overall_performance": {
        "n_samples_total": 5817,
        "n_normal": 4732,
        "n_attacks": 1085,
        "auc": 0.9852283306909325,
        "f1": 0.9548627268496975,
        "precision": 0.9642857142857143,
        "recall": 0.9456221198156682,
        "accuracy": 0.9833247378373732,
        "detection_rate": 0.9456221198156682,
        "fp_rate": 0.008030431107354184,
        "tp": 1026,
        "fn": 59,
        "fp": 38,
        "tn": 4694
    },
    "normal_condition": {
        "n_samples": 4732,
        "correctly_classified": 4694,
        "misclassified_as_attack": 38,
        "accuracy": 0.9919695688926459,
        "score_mean": 17.067138187323827,
        "score_min": 8.20621986609899,
        "score_max": 32.61479641466681
    },
    "attacks_by_category": {
        "flooding": {
            "attack_code": 0,
            "n_samples": 1026,
            "correctly_detected": 1026,
            "missed": 0,
            "detection_rate": 1.0,
            "normal_in_score_range": 30,
            "normal_misclassified_in_range": 30,
            "auc_vs_normal": 0.996947496947497,
            "score_mean": 34.262016561755985,
            "score_min": 29.948940863139793,
            "score_max": 38.30638756251616
        },
        "session_deletion": {
            "attack_code": 1,
            "n_samples": 13,
            "correctly_detected": 0,
            "missed": 13,
            "detection_rate": 0.0,
            "normal_in_score_range": 0,
            "normal_misclassified_in_range": 0,
            "auc_vs_normal": 0.5118343195266273,
            "score_mean": 15.184842222535462,
            "score_min": 15.180184985850582,
            "score_max": 15.186239393540927
        },
        "session_modification": {
            "attack_code": 2,
            "n_samples": 12,
            "correctly_detected": 0,
            "missed": 12,
            "detection_rate": 0.0,
            "normal_in_score_range": 371,
            "normal_misclassified_in_range": 0,
            "auc_vs_normal": 0.8435474781628628,
            "score_mean": 25.572063881613328,
            "score_min": 24.99061390134541,
            "score_max": 26.73496384214917
        },
        "upf_pdn0_fault": {
            "attack_code": 5,
            "n_samples": 12,
            "correctly_detected": 0,
            "missed": 12,
            "detection_rate": 0.0,
            "normal_in_score_range": 0,
            "normal_misclassified_in_range": 0,
            "auc_vs_normal": 0.8810228233305156,
            "score_mean": 26.190001359166967,
            "score_min": 26.19000135916697,
            "score_max": 26.19000135916697
        },
        "restoration_teid": {
            "attack_code": 6,
            "n_samples": 22,
            "correctly_detected": 0,
            "missed": 22,
            "detection_rate": 0.0,
            "normal_in_score_range": 647,
            "normal_misclassified_in_range": 0,
            "auc_vs_normal": 0.8525416890801506,
            "score_mean": 25.677149748254365,
            "score_min": 23.801067474839165,
            "score_max": 27.56568251941264
        }
    },
    "model_name": "HBOS"
}