{
    "overall_performance": {
        "n_samples_total": 5817,
        "n_normal": 4732,
        "n_attacks": 1085,
        "auc": 0.9891837513780088,
        "f1": 0.903169014084507,
        "precision": 0.8643639427127211,
        "recall": 0.9456221198156682,
        "accuracy": 0.9621798177754857,
        "detection_rate": 0.9456221198156682,
        "fp_rate": 0.034023668639053255,
        "tp": 1026,
        "fn": 59,
        "fp": 161,
        "tn": 4571
    },
    "normal_condition": {
        "n_samples": 4732,
        "correctly_classified": 4571,
        "misclassified_as_attack": 161,
        "accuracy": 0.9659763313609467,
        "score_mean": 16.510383831693943,
        "score_min": 7.592937321907677,
        "score_max": 32.0762711528631
    },
    "attacks_by_category": {
        "flooding": {
            "attack_code": 0,
            "n_samples": 1026,
            "correctly_detected": 1026,
            "missed": 0,
            "detection_rate": 1.0,
            "auc_vs_normal": 0.9996947496947497,
            "score_mean": 34.3292222857053,
            "score_min": 30.613591128356305,
            "score_max": 37.82033110497062
        },
        "session_deletion": {
            "attack_code": 1,
            "n_samples": 13,
            "correctly_detected": 0,
            "missed": 13,
            "detection_rate": 0.0,
            "auc_vs_normal": 0.5676084270758828,
            "score_mean": 15.536989759690377,
            "score_min": 14.590631877397831,
            "score_max": 15.820897124378142
        },
        "session_modification": {
            "attack_code": 2,
            "n_samples": 12,
            "correctly_detected": 0,
            "missed": 12,
            "detection_rate": 0.0,
            "auc_vs_normal": 0.837806424344886,
            "score_mean": 24.709612511501934,
            "score_min": 24.012269192001487,
            "score_max": 26.104299150502833
        },
        "upf_pdn0_fault": {
            "attack_code": 5,
            "n_samples": 12,
            "correctly_detected": 0,
            "missed": 12,
            "detection_rate": 0.0,
            "auc_vs_normal": 0.9150464919695689,
            "score_mean": 26.854651624383468,
            "score_min": 26.854651624383475,
            "score_max": 26.854651624383475
        },
        "restoration_teid": {
            "attack_code": 6,
            "n_samples": 22,
            "correctly_detected": 0,
            "missed": 22,
            "detection_rate": 0.0,
            "auc_vs_normal": 0.871109659571198,
            "score_mean": 25.26631856255981,
            "score_min": 23.39356391636116,
            "score_max": 27.077937829176527
        }
    },
    "model_name": "HBOS"
}