{
    "threshold": 0.019986812779367785,
    "overall_performance": {
        "n_samples_total": 5817,
        "n_normal": 4732,
        "n_attacks": 1085,
        "auc": 0.9243616362368579,
        "f1": 0.7468354430379747,
        "precision": 0.7329192546583851,
        "recall": 0.7612903225806451,
        "accuracy": 0.9037304452466908,
        "detection_rate": 0.7612903225806451,
        "fp_rate": 0.06360946745562131,
        "tp": 826,
        "fn": 259,
        "fp": 301,
        "tn": 4431
    },
    "normal_condition": {
        "n_samples": 4732,
        "correctly_classified": 4431,
        "misclassified_as_attack": 301,
        "accuracy": 0.9363905325443787,
        "score_statistics": {
            "mean": -0.07504802680128857,
            "min": -0.22475205143028504,
            "max": 0.07381867321835456
        }
    },
    "attacks_by_category": {
        "flooding": {
            "attack_code": 0,
            "n_samples": 1026,
            "correctly_detected": 802,
            "missed": 224,
            "detection_rate": 0.7816764132553606,
            "miss_rate": 0.21832358674463936,
            "normal_samples_misclassified_as_attack": 301,
            "auc_vs_normal": 0.9337567702952319,
            "score_statistics": {
                "mean": 0.040545933631834175,
                "min": -0.01658605528962742,
                "max": 0.08353876491988765
            }
        },
        "session_deletion": {
            "attack_code": 1,
            "n_samples": 13,
            "correctly_detected": 0,
            "missed": 13,
            "detection_rate": 0.0,
            "miss_rate": 1.0,
            "normal_samples_misclassified_as_attack": 301,
            "auc_vs_normal": 0.3497138955718837,
            "score_statistics": {
                "mean": -0.09332339903486948,
                "min": -0.10236152955018962,
                "max": -0.07245124800839853
            }
        },
        "session_modification": {
            "attack_code": 2,
            "n_samples": 12,
            "correctly_detected": 0,
            "missed": 12,
            "detection_rate": 0.0,
            "miss_rate": 1.0,
            "normal_samples_misclassified_as_attack": 301,
            "auc_vs_normal": 0.7269301211608903,
            "score_statistics": {
                "mean": -0.02444673672965154,
                "min": -0.043014265998299495,
                "max": -0.004970407942278654
            }
        },
        "upf_pdn0_fault": {
            "attack_code": 5,
            "n_samples": 12,
            "correctly_detected": 12,
            "missed": 0,
            "detection_rate": 1.0,
            "miss_rate": 0.0,
            "normal_samples_misclassified_as_attack": 301,
            "auc_vs_normal": 0.9703085376162299,
            "score_statistics": {
                "mean": 0.038719964965917064,
                "min": 0.036768887666010275,
                "max": 0.040671042265823854
            }
        },
        "restoration_teid": {
            "attack_code": 6,
            "n_samples": 22,
            "correctly_detected": 12,
            "missed": 10,
            "detection_rate": 0.5454545454545454,
            "miss_rate": 0.45454545454545453,
            "normal_samples_misclassified_as_attack": 301,
            "auc_vs_normal": 0.9083992930146776,
            "score_statistics": {
                "mean": 0.020548385259031646,
                "min": -0.016476880511660297,
                "max": 0.06651915291808974
            }
        }
    },
    "model_name": "IForest"
}