{
  "model": "ABOD",
  "best_params": {
    "contamination": 0.001,
    "n_neighbors": 100
  },
  "accuracy": 0.934491494752081,
  "f1": 0.8476430976430976,
  "roc_auc": 0.9507634843758934,
  "precision": 0.7486988847583643,
  "recall": 0.976721629485936
}