{
  "model": "ABOD",
  "best_params": {
    "contamination": 0.001,
    "n_neighbors": 100
  },
  "accuracy": 0.8479913137893594,
  "f1": 0.5574288724973656,
  "roc_auc": 0.718949711340006,
  "precision": 0.6101499423298731,
  "recall": 0.513094083414161
}