{
    "model": "ABOD",
    "best_params": {
        "contamination": 0.001,
        "n_neighbors": 100
    },
    "roc_auc": 0.7487690437885405,
    "f1": 0.6942942942942943,
    "precision": 0.996551724137931,
    "recall": 0.5327188940092166
}