{
    "model": "ECOD",
    "best_params": {
        "contamination": 0.01
    },
    "roc_auc": 0.8841954571483108,
    "f1": 0.6358974358974359,
    "precision": 0.8328358208955224,
    "recall": 0.5142857142857142
}