{
  "model": "GMM",
  "best_params": {
    "contamination": 0.001,
    "covariance_type": "full",
    "n_components": 1,
    "random_state": 42
  },
  "accuracy": 0.9059898660875859,
  "f1": 0.7987604106139842,
  "roc_auc": 0.9422135706340378,
  "precision": 0.6649467913576266,
  "recall": 1.0
}