{
    "model": "HBOS",
    "best_params": {
        "contamination": 0.001,
        "n_bins": 10,
        "tol": 0.1
    },
    "roc_auc": 0.9891837513780088,
    "f1": 0.903169014084507,
    "precision": 0.8643639427127211,
    "recall": 0.9456221198156682
}