{
    "model": "HBOS",
    "best_params": {
        "contamination": 0.001,
        "n_bins": 10,
        "tol": 0.1
    },
    "best_threshold": 29.52049463652214,
    "roc_auc": 0.9866612650022788,
    "f1": 0.9575361642557163,
    "precision": 0.9697542533081286,
    "recall": 0.9456221198156682
}