{
  "model": "HBOS",
  "best_params": {
    "contamination": 0.01,
    "n_bins": 25
  },
  "accuracy": 0.9156713716974303,
  "f1": 0.8141945773524721,
  "roc_auc": 0.9444273138922543,
  "precision": 0.6912660798916723,
  "recall": 0.9903006789524733
}