{
  "model": "INNE",
  "best_params": {
    "contamination": 0.001,
    "max_samples": 10,
    "random_state": 42
  },
  "accuracy": 0.8215707564241767,
  "f1": 0.5206611570247934,
  "roc_auc": 0.7051386981331774,
  "precision": 0.5219298245614035,
  "recall": 0.5193986420950534
}