{
  "model": "KNN",
  "best_params": {
    "contamination": 0.001,
    "method": "largest",
    "n_neighbors": 11
  },
  "accuracy": 0.9089757509952949,
  "f1": 0.6777706598334401,
  "roc_auc": 0.7564358070018524,
  "precision": 0.9981132075471698,
  "recall": 0.513094083414161
}