{
    "model": "KNN",
    "best_params": {
        "contamination": 0.001,
        "method": "largest",
        "n_neighbors": 5
    },
    "roc_auc": 0.7167614554888571,
    "f1": 0.6947115384615384,
    "precision": 0.998272884283247,
    "recall": 0.5327188940092166
}