{
  "model": "KNN",
  "best_params": {
    "contamination": 0.001,
    "method": "largest",
    "n_neighbors": 11
  },
  "accuracy": 0.9670647846543612,
  "f1": 0.9032943676939427,
  "roc_auc": 0.9121099098146556,
  "precision": 0.9988249118683902,
  "recall": 0.8244422890397672
}