{
  "model": "KNN",
  "best_params": {
    "contamination": 0.001,
    "n_neighbors": 100
  },
  "accuracy": 0.9045421643141512,
  "f1": 0.6672973825291706,
  "roc_auc": 0.7537105567237657,
  "precision": 0.9540126239855726,
  "recall": 0.513094083414161
}