{
    "model": "LODA",
    "best_params": {
        "contamination": 0.01,
        "n_bins": 50,
        "n_random_cuts": 50
    },
    "roc_auc": 0.510920061859445,
    "f1": 0.3585434173669468,
    "precision": 0.7463556851311953,
    "recall": 0.2359447004608295
}