{
    "model": "LOF",
    "best_params": {
        "contamination": 0.01,
        "n_neighbors": 50
    },
    "roc_auc": 0.834716860594209,
    "f1": 0.5226396917148363,
    "precision": 0.3537658950114118,
    "recall": 1.0
}