{
  "model": "LOF",
  "best_params": {
    "contamination": 0.001,
    "n_neighbors": 11
  },
  "accuracy": 0.8998371335504886,
  "f1": 0.6378802747791953,
  "roc_auc": 0.7353086034811824,
  "precision": 0.9798994974874372,
  "recall": 0.4728419010669253
}