{
  "model": "MCD",
  "best_params": {
    "contamination": 0.2,
    "random_state": 42
  },
  "accuracy": 0.4101390301797219,
  "f1": 0.22757548845470693,
  "roc_auc": 0.4381262379981915,
  "precision": 0.14896090684493532,
  "recall": 0.48189938881053124
}