{
  "model": "MCD",
  "best_params": {
    "contamination": 0.01,
    "random_state": 42
  },
  "accuracy": 0.8534201954397395,
  "f1": 0.35303514376996803,
  "roc_auc": 0.6071774975751697,
  "precision": 1.0,
  "recall": 0.21435499515033948
}