{
  "model": "MCD",
  "best_params": {
    "contamination": 0.01,
    "random_state": 42
  },
  "accuracy": 0.8533297140788998,
  "f1": 0.3523771474230923,
  "roc_auc": 0.6069350145489816,
  "precision": 1.0,
  "recall": 0.21387002909796315
}