{
  "model": "OCSVM",
  "best_params": {
    "contamination": 0.01,
    "gamma": 0.001,
    "kernel": "linear",
    "nu": 0.05
  },
  "accuracy": 0.8188563155989866,
  "f1": 0.05655042412818096,
  "roc_auc": 0.51454898157129,
  "precision": 1.0,
  "recall": 0.029097963142580018
}