{
  "model": "PCA",
  "best_params": {
    "contamination": 0.01,
    "n_components": 5,
    "random_state": 42
  },
  "accuracy": 0.7742490047050308,
  "f1": 0.6224844908458164,
  "roc_auc": 0.8603003768601604,
  "precision": 0.4523861886958434,
  "recall": 0.9975751697381183
}