{
    "model": "PCA",
    "best_params": {
        "contamination": 0.01,
        "n_components": 20,
        "random_state": 42
    },
    "roc_auc": 0.8578863001585442,
    "f1": 0.4960514770400702,
    "precision": 0.363324764353042,
    "recall": 0.7815668202764977
}