{
    "model": "COPOD",
    "best_params": {
        "contamination": 0.05
    },
    "best_threshold": 43.700921290596355,
    "roc_auc": 0.8376886849414321,
    "f1": 0.6095132743362832,
    "precision": 0.7621023513139695,
    "recall": 0.5078341013824885
}