{
    "model": "ECOD",
    "best_params": {
        "contamination": 0.01
    },
    "best_threshold": 54.99374538563406,
    "roc_auc": 0.8742214007190966,
    "f1": 0.6598311218335344,
    "precision": 0.9546247818499127,
    "recall": 0.504147465437788
}