{
    "model": "LOF",
    "best_params": {
        "contamination": 0.01,
        "n_neighbors": 50
    },
    "best_threshold": 9.74087258038162e+22,
    "roc_auc": 0.8327802470482373,
    "f1": 0.6521739130434783,
    "precision": 1.0,
    "recall": 0.4838709677419355
}