{
    "model": "COPOD",
    "best_params": {
        "contamination": 0.05
    },
    "roc_auc": 0.8714145478767952,
    "f1": 0.5494398441305407,
    "precision": 0.5826446280991735,
    "recall": 0.5198156682027649
}