{
    "model": "GMM",
    "best_params": {
        "contamination": 0.001,
        "covariance_type": "full",
        "n_components": 10,
        "random_state": 42
    },
    "roc_auc": 0.8601801247317022,
    "f1": 0.5891935921802878,
    "precision": 0.4176289453425712,
    "recall": 1.0
}