{
    "model": "IForest",
    "best_params": {
        "contamination": 0.01,
        "max_features": 0.75,
        "max_samples": 0.1,
        "n_estimators": 25,
        "random_state": 42
    },
    "roc_auc": 0.9520819131240967,
    "f1": 0.7831594634873323,
    "precision": 0.6572858036272671,
    "recall": 0.9686635944700461
}