{
    "model": "ECOD",
    "best_params": {
        "contamination": 0.01
    },
    "roc_auc": 0.8704461437180331,
    "f1": 0.6283783783783784,
    "precision": 0.8075253256150506,
    "recall": 0.5142857142857142
}