{
    "model": "HBOS",
    "best_params": {
        "contamination": 0.001,
        "n_bins": 10,
        "tol": 0.1
    },
    "roc_auc": 0.9958172809112191,
    "f1": 0.977859778597786,
    "precision": 0.9787626962142197,
    "recall": 0.9769585253456221
}