{
    "model": "IForest",
    "best_params": {
        "contamination": 0.01,
        "max_features": 1.0,
        "max_samples": 0.7,
        "n_estimators": 25,
        "random_state": 42
    },
    "roc_auc": 0.9657044302737319,
    "f1": 0.771343726800297,
    "precision": 0.6457426973275326,
    "recall": 0.9576036866359448
}