{
  "model": "ABOD",
  "best_params": {
    "contamination": 0.01,
    "n_neighbors": 100
  },
  "accuracy": 0.6992399565689468,
  "f1": 0.3889705882352941,
  "roc_auc": 0.6275147836425644,
  "precision": 0.3132030787448194,
  "recall": 0.513094083414161
}