{
  "model": "IForest",
  "best_params": {
    "contamination": 0.01,
    "max_features": 0.75,
    "max_samples": 0.5,
    "n_estimators": 25,
    "random_state": 42
  },
  "accuracy": 0.8959464350343829,
  "f1": 0.7759158222915042,
  "roc_auc": 0.9227725816701174,
  "precision": 0.6485342019543974,
  "recall": 0.9655674102812803
}