{
  "model": "INNE",
  "best_params": {
    "contamination": 0.01,
    "max_samples": 10,
    "random_state": 42
  },
  "accuracy": 0.738870792616721,
  "f1": 0.4228,
  "roc_auc": 0.6516883184139289,
  "precision": 0.35976855003403674,
  "recall": 0.5126091173617847
}