{
  "model": "LOF",
  "best_params": {
    "contamination": 0.01,
    "n_neighbors": 11
  },
  "accuracy": 0.8956749909518639,
  "f1": 0.6284241057041573,
  "roc_auc": 0.7327502052609376,
  "precision": 0.9365994236311239,
  "recall": 0.4728419010669253
}