{
    "overall_performance": {
        "n_samples_total": 5817,
        "n_normal": 4732,
        "n_attacks": 1085,
        "auc": 0.8600689101752553,
        "f1": 0.5343297524521252,
        "precision": 0.5416666666666666,
        "recall": 0.5271889400921659,
        "accuracy": 0.828605810555269,
        "detection_rate": 0.5271889400921659,
        "fp_rate": 0.10228233305156383,
        "tp": 572,
        "fn": 513,
        "fp": 484,
        "tn": 4248
    },
    "normal_condition": {
        "n_samples": 4732,
        "correctly_classified": 4248,
        "misclassified_as_attack": 484,
        "accuracy": 0.8977176669484361,
        "score_mean": 25.790511739520856,
        "score_min": 13.197258490148263,
        "score_max": 49.92733926524345
    },
    "attacks_by_category": {
        "flooding": {
            "attack_code": 0,
            "n_samples": 1026,
            "correctly_detected": 532,
            "missed": 494,
            "detection_rate": 0.5185185185185185,
            "auc_vs_normal": 0.863807076863757,
            "score_mean": 37.62130281064099,
            "score_min": 28.860359036265436,
            "score_max": 53.737869887395135
        },
        "session_deletion": {
            "attack_code": 1,
            "n_samples": 13,
            "correctly_detected": 0,
            "missed": 13,
            "detection_rate": 0.0,
            "auc_vs_normal": 0.21070940893426102,
            "score_mean": 19.105773748668714,
            "score_min": 17.62933345276761,
            "score_max": 20.748810432127513
        },
        "session_modification": {
            "attack_code": 2,
            "n_samples": 12,
            "correctly_detected": 12,
            "missed": 0,
            "detection_rate": 1.0,
            "auc_vs_normal": 0.9398422090729783,
            "score_mean": 37.99684162128151,
            "score_min": 36.88623695520543,
            "score_max": 39.88968991493531
        },
        "upf_pdn0_fault": {
            "attack_code": 5,
            "n_samples": 12,
            "correctly_detected": 6,
            "missed": 6,
            "detection_rate": 0.5,
            "auc_vs_normal": 0.9076500422654269,
            "score_mean": 35.60638946820265,
            "score_min": 34.812568693163996,
            "score_max": 36.4002102432413
        },
        "restoration_teid": {
            "attack_code": 6,
            "n_samples": 22,
            "correctly_detected": 22,
            "missed": 0,
            "detection_rate": 1.0,
            "auc_vs_normal": 0.9999807884423269,
            "score_mean": 51.35342313786278,
            "score_min": 49.798296267686105,
            "score_max": 54.08753246896494
        }
    },
    "model_name": "COPOD"
}