{
    "overall_performance": {
        "n_samples_total": 5817,
        "n_normal": 4732,
        "n_attacks": 1085,
        "auc": 0.9993451780406761,
        "f1": 0.9972426470588235,
        "precision": 0.9945004582951421,
        "recall": 1.0,
        "accuracy": 0.998968540484786,
        "detection_rate": 1.0,
        "fp_rate": 0.001267962806424345,
        "tp": 1085,
        "fn": 0,
        "fp": 6,
        "tn": 4726
    },
    "normal_condition": {
        "n_samples": 4732,
        "correctly_classified": 4726,
        "misclassified_as_attack": 6,
        "accuracy": 0.9987320371935756,
        "score_mean": -1.2941382656551343,
        "score_min": -5.16994492132301,
        "score_max": 1.7092882767909154
    },
    "attacks_by_category": {
        "flooding": {
            "attack_code": 0,
            "n_samples": 1026,
            "correctly_detected": 1026,
            "missed": 0,
            "detection_rate": 1.0,
            "auc_vs_normal": 0.9993439796071375,
            "score_mean": 0.9674222665457808,
            "score_min": 0.6902521499562413,
            "score_max": 1.0380768951113177
        },
        "session_deletion": {
            "attack_code": 1,
            "n_samples": 13,
            "correctly_detected": 13,
            "missed": 0,
            "detection_rate": 1.0,
            "auc_vs_normal": 0.9993660185967879,
            "score_mean": 1.00150809727455,
            "score_min": 1.000162712845498,
            "score_max": 1.008622276056291
        },
        "session_modification": {
            "attack_code": 2,
            "n_samples": 12,
            "correctly_detected": 12,
            "missed": 0,
            "detection_rate": 1.0,
            "auc_vs_normal": 0.9993660185967879,
            "score_mean": 1.0001311401378568,
            "score_min": 1.0000820008076747,
            "score_max": 1.0002294187975909
        },
        "upf_pdn0_fault": {
            "attack_code": 5,
            "n_samples": 12,
            "correctly_detected": 12,
            "missed": 0,
            "detection_rate": 1.0,
            "auc_vs_normal": 0.9993660185967879,
            "score_mean": 0.9999381956759864,
            "score_min": 0.9999381956759851,
            "score_max": 0.9999381956759874
        },
        "restoration_teid": {
            "attack_code": 6,
            "n_samples": 22,
            "correctly_detected": 22,
            "missed": 0,
            "detection_rate": 1.0,
            "auc_vs_normal": 0.9993660185967879,
            "score_mean": 0.9998471085490513,
            "score_min": 0.9998441953890271,
            "score_max": 0.9998507989661041
        }
    },
    "model_name": "Ensemble_SVC_C10_G10_HBOS_KNN_GMM_INNE_PCA"
}