{
    "overall_performance": {
        "n_samples_total": 5817,
        "n_normal": 4732,
        "n_attacks": 1085,
        "auc": 0.7487690437885405,
        "f1": 0.6942942942942943,
        "precision": 0.996551724137931,
        "recall": 0.5327188940092166,
        "accuracy": 0.91249785112601,
        "detection_rate": 0.5327188940092166,
        "fp_rate": 0.00042265426880811494,
        "tp": 578,
        "fn": 507,
        "fp": 2,
        "tn": 4730
    },
    "normal_condition": {
        "n_samples": 4732,
        "correctly_classified": 4730,
        "misclassified_as_attack": 2,
        "accuracy": 0.9995773457311918,
        "score_mean": -0.0751450250626077,
        "score_min": -29.848569424244317,
        "score_max": -1.0650250591900968e-16
    },
    "attacks_by_category": {
        "flooding": {
            "attack_code": 0,
            "n_samples": 1026,
            "correctly_detected": 532,
            "missed": 494,
            "detection_rate": 0.5185185185185185,
            "auc_vs_normal": 0.7427502022643723,
            "score_mean": -6.676811385724412e-06,
            "score_min": -2.537175263698614e-05,
            "score_max": -0.0
        },
        "session_deletion": {
            "attack_code": 1,
            "n_samples": 13,
            "correctly_detected": 0,
            "missed": 13,
            "detection_rate": 0.0,
            "auc_vs_normal": 0.3348234605631055,
            "score_mean": -6.458493693761084e-07,
            "score_min": -3.019698860344936e-06,
            "score_max": -8.785760907803048e-09
        },
        "session_modification": {
            "attack_code": 2,
            "n_samples": 12,
            "correctly_detected": 12,
            "missed": 0,
            "detection_rate": 1.0,
            "auc_vs_normal": 1.0,
            "score_mean": -4.955839115659468e-66,
            "score_min": -1.568207400436088e-65,
            "score_max": -9.591482571474544e-70
        },
        "upf_pdn0_fault": {
            "attack_code": 5,
            "n_samples": 12,
            "correctly_detected": 12,
            "missed": 0,
            "detection_rate": 1.0,
            "auc_vs_normal": 1.0,
            "score_mean": -2.0033653175437586e-54,
            "score_min": -2.0033653190000449e-54,
            "score_max": -2.0033653160874724e-54
        },
        "restoration_teid": {
            "attack_code": 6,
            "n_samples": 22,
            "correctly_detected": 22,
            "missed": 0,
            "detection_rate": 1.0,
            "auc_vs_normal": 1.0,
            "score_mean": -7.477162564752276e-62,
            "score_min": -7.477179498918723e-62,
            "score_max": -7.477142243752545e-62
        }
    },
    "model_name": "ABOD"
}