{
    "overall_performance": {
        "n_samples_total": 5817,
        "n_normal": 4732,
        "n_attacks": 1085,
        "auc": 0.9995374175629403,
        "f1": 0.9916743755781684,
        "precision": 0.9953574744661096,
        "recall": 0.9880184331797235,
        "accuracy": 0.9969056214543579,
        "detection_rate": 0.9880184331797235,
        "fp_rate": 0.0010566356720202875,
        "tp": 1072,
        "fn": 13,
        "fp": 5,
        "tn": 4727
    },
    "normal_condition": {
        "n_samples": 4732,
        "correctly_classified": 4727,
        "misclassified_as_attack": 5,
        "accuracy": 0.9989433643279797,
        "score_mean": -1.4076893771609318,
        "score_min": -3.176313139068882,
        "score_max": 1.4035785497463698
    },
    "attacks_by_category": {
        "flooding": {
            "attack_code": 0,
            "n_samples": 1026,
            "correctly_detected": 1026,
            "missed": 0,
            "detection_rate": 1.0,
            "auc_vs_normal": 0.9995528350791509,
            "score_mean": 0.9679443711699881,
            "score_min": 0.6902899977793473,
            "score_max": 1.037268699637088
        },
        "session_deletion": {
            "attack_code": 1,
            "n_samples": 13,
            "correctly_detected": 0,
            "missed": 13,
            "detection_rate": 0.0,
            "auc_vs_normal": 0.998179335457442,
            "score_mean": -0.825333070898894,
            "score_min": -0.8451744204326097,
            "score_max": -0.8163532736505481
        },
        "session_modification": {
            "attack_code": 2,
            "n_samples": 12,
            "correctly_detected": 12,
            "missed": 0,
            "detection_rate": 1.0,
            "auc_vs_normal": 0.999577345731192,
            "score_mean": 0.9998652004381098,
            "score_min": 0.9998563008995511,
            "score_max": 0.9998829990034751
        },
        "upf_pdn0_fault": {
            "attack_code": 5,
            "n_samples": 12,
            "correctly_detected": 12,
            "missed": 0,
            "detection_rate": 1.0,
            "auc_vs_normal": 0.999577345731192,
            "score_mean": 0.9999299753256868,
            "score_min": 0.999929975325687,
            "score_max": 0.999929975325687
        },
        "restoration_teid": {
            "attack_code": 6,
            "n_samples": 22,
            "correctly_detected": 22,
            "missed": 0,
            "detection_rate": 1.0,
            "auc_vs_normal": 0.999577345731192,
            "score_mean": 1.0068825773025194,
            "score_min": 0.9766894864888065,
            "score_max": 1.0198065149685283
        }
    },
    "model_name": "Ensemble_SVC_C10_G10_HBOS_KNN_GMM_INNE_PCA"
}