{
    "overall_performance": {
        "n_samples_total": 5817,
        "n_normal": 4732,
        "n_attacks": 1085,
        "auc": 0.9994092578814309,
        "f1": 0.9880184331797235,
        "precision": 0.9880184331797235,
        "recall": 0.9880184331797235,
        "accuracy": 0.9955303421007392,
        "detection_rate": 0.9880184331797235,
        "fp_rate": 0.0027472527472527475,
        "tp": 1072,
        "fn": 13,
        "fp": 13,
        "tn": 4719
    },
    "normal_condition": {
        "n_samples": 4732,
        "correctly_classified": 4719,
        "misclassified_as_attack": 13,
        "accuracy": 0.9972527472527473,
        "score_mean": -1.4550991935577884,
        "score_min": -3.338525542515848,
        "score_max": 1.3694061733616751
    },
    "attacks_by_category": {
        "flooding": {
            "attack_code": 0,
            "n_samples": 1026,
            "correctly_detected": 1026,
            "missed": 0,
            "detection_rate": 1.0,
            "auc_vs_normal": 0.9995678710253609,
            "score_mean": 0.9502305592669386,
            "score_min": 0.09603683069328448,
            "score_max": 1.1087701221039004
        },
        "session_deletion": {
            "attack_code": 1,
            "n_samples": 13,
            "correctly_detected": 0,
            "missed": 13,
            "detection_rate": 0.0,
            "auc_vs_normal": 0.9862962481305676,
            "score_mean": -0.8090266603463546,
            "score_min": -0.8315662477658167,
            "score_max": -0.7966629960080729
        },
        "session_modification": {
            "attack_code": 2,
            "n_samples": 12,
            "correctly_detected": 12,
            "missed": 0,
            "detection_rate": 1.0,
            "auc_vs_normal": 0.999577345731192,
            "score_mean": 1.0001549550311875,
            "score_min": 0.9995788471522801,
            "score_max": 1.0004430091194016
        },
        "upf_pdn0_fault": {
            "attack_code": 5,
            "n_samples": 12,
            "correctly_detected": 12,
            "missed": 0,
            "detection_rate": 1.0,
            "auc_vs_normal": 0.999577345731192,
            "score_mean": 0.9999225599128779,
            "score_min": 0.9999225599128777,
            "score_max": 0.9999225599128777
        },
        "restoration_teid": {
            "attack_code": 6,
            "n_samples": 22,
            "correctly_detected": 22,
            "missed": 0,
            "detection_rate": 1.0,
            "auc_vs_normal": 0.999577345731192,
            "score_mean": 1.021072253913749,
            "score_min": 0.931821691047563,
            "score_max": 1.0592477509714502
        }
    },
    "model_name": "Ensemble_SVC_C10_G10_HBOS_KNN_ABOD_INNE_PCA"
}