{
    "overall_performance": {
        "n_samples_total": 5817,
        "n_normal": 4732,
        "n_attacks": 1085,
        "auc": 0.8601801247317022,
        "f1": 0.5891935921802878,
        "precision": 0.4176289453425712,
        "recall": 1.0,
        "accuracy": 0.7399002922468626,
        "detection_rate": 1.0,
        "fp_rate": 0.31973795435333896,
        "tp": 1085,
        "fn": 0,
        "fp": 1513,
        "tn": 3219
    },
    "normal_condition": {
        "n_samples": 4732,
        "correctly_classified": 3219,
        "misclassified_as_attack": 1513,
        "accuracy": 0.680262045646661,
        "score_mean": 523072.48565475567,
        "score_min": -69.08957643557629,
        "score_max": 8873105.043137996
    },
    "attacks_by_category": {
        "flooding": {
            "attack_code": 0,
            "n_samples": 1026,
            "correctly_detected": 1026,
            "missed": 0,
            "detection_rate": 1.0,
            "auc_vs_normal": 0.8536928283891847,
            "score_mean": 3.4763138145584474e+25,
            "score_min": 400.0815515633645,
            "score_max": 2.2272660385618516e+26
        },
        "session_deletion": {
            "attack_code": 1,
            "n_samples": 13,
            "correctly_detected": 13,
            "missed": 0,
            "detection_rate": 1.0,
            "auc_vs_normal": 0.8774302620456467,
            "score_mean": 147336.55994642226,
            "score_min": 147333.9462336644,
            "score_max": 147338.04411586
        },
        "session_modification": {
            "attack_code": 2,
            "n_samples": 12,
            "correctly_detected": 12,
            "missed": 0,
            "detection_rate": 1.0,
            "auc_vs_normal": 1.0,
            "score_mean": 270171638216345.72,
            "score_min": 270171634351628.9,
            "score_max": 270171643035803.84
        },
        "upf_pdn0_fault": {
            "attack_code": 5,
            "n_samples": 12,
            "correctly_detected": 12,
            "missed": 0,
            "detection_rate": 1.0,
            "auc_vs_normal": 1.0,
            "score_mean": 1.1716765617233254e+19,
            "score_min": 1.171676555837463e+19,
            "score_max": 1.1716765676091877e+19
        },
        "restoration_teid": {
            "attack_code": 6,
            "n_samples": 22,
            "correctly_detected": 22,
            "missed": 0,
            "detection_rate": 1.0,
            "auc_vs_normal": 1.0,
            "score_mean": 708953441615.3691,
            "score_min": 708951879567.6202,
            "score_max": 708955568225.6891
        }
    },
    "model_name": "GMM"
}