{
    "overall_performance": {
        "n_samples_total": 5817,
        "n_normal": 4732,
        "n_attacks": 1085,
        "auc": 0.834716860594209,
        "f1": 0.5226396917148363,
        "precision": 0.3537658950114118,
        "recall": 1.0,
        "accuracy": 0.6592745401409661,
        "detection_rate": 1.0,
        "fp_rate": 0.4188503803888419,
        "tp": 1085,
        "fn": 0,
        "fp": 1982,
        "tn": 2750
    },
    "normal_condition": {
        "n_samples": 4732,
        "correctly_classified": 2750,
        "misclassified_as_attack": 1982,
        "accuracy": 0.5811496196111581,
        "score_mean": 14.97270094236058,
        "score_min": 0.9188947135151687,
        "score_max": 241.5896224316257
    },
    "attacks_by_category": {
        "flooding": {
            "attack_code": 0,
            "n_samples": 1026,
            "correctly_detected": 1026,
            "missed": 0,
            "detection_rate": 1.0,
            "auc_vs_normal": 0.8299974129933644,
            "score_mean": 2.3503256920466117e+24,
            "score_min": 8.063308658027193,
            "score_max": 9.667822939887059e+24
        },
        "session_deletion": {
            "attack_code": 1,
            "n_samples": 13,
            "correctly_detected": 13,
            "missed": 0,
            "detection_rate": 1.0,
            "auc_vs_normal": 0.6223421548865334,
            "score_mean": 9.469208414293258,
            "score_min": 6.794435254093243,
            "score_max": 13.669828636201963
        },
        "session_modification": {
            "attack_code": 2,
            "n_samples": 12,
            "correctly_detected": 12,
            "missed": 0,
            "detection_rate": 1.0,
            "auc_vs_normal": 1.0,
            "score_mean": 274136293.6428192,
            "score_min": 156487822.3168881,
            "score_max": 558295472.323058
        },
        "upf_pdn0_fault": {
            "attack_code": 5,
            "n_samples": 12,
            "correctly_detected": 12,
            "missed": 0,
            "detection_rate": 1.0,
            "auc_vs_normal": 1.0,
            "score_mean": 101967758.09071772,
            "score_min": 101967758.09071516,
            "score_max": 101967758.09072027
        },
        "restoration_teid": {
            "attack_code": 6,
            "n_samples": 22,
            "correctly_detected": 22,
            "missed": 0,
            "detection_rate": 1.0,
            "auc_vs_normal": 1.0,
            "score_mean": 1573642.2522942983,
            "score_min": 1573642.2522942976,
            "score_max": 1573642.252294299
        }
    },
    "model_name": "LOF"
}