{
    "overall_performance": {
        "n_samples_total": 5817,
        "n_normal": 4732,
        "n_attacks": 1085,
        "auc": 0.8578863001585442,
        "f1": 0.4960514770400702,
        "precision": 0.363324764353042,
        "recall": 0.7815668202764977,
        "accuracy": 0.7037992092143717,
        "detection_rate": 0.7815668202764977,
        "fp_rate": 0.3140321217244294,
        "tp": 848,
        "fn": 237,
        "fp": 1486,
        "tn": 3246
    },
    "normal_condition": {
        "n_samples": 4732,
        "correctly_classified": 3246,
        "misclassified_as_attack": 1486,
        "accuracy": 0.6859678782755706,
        "score_mean": 26910.613389076454,
        "score_min": 6153.401074631025,
        "score_max": 90481.51672561749
    },
    "attacks_by_category": {
        "flooding": {
            "attack_code": 0,
            "n_samples": 1026,
            "correctly_detected": 802,
            "missed": 224,
            "detection_rate": 0.7816764132553606,
            "auc_vs_normal": 0.8554246398375953,
            "score_mean": 2613076251.681398,
            "score_min": 24351.997699080814,
            "score_max": 11051997804.614784
        },
        "session_deletion": {
            "attack_code": 1,
            "n_samples": 13,
            "correctly_detected": 0,
            "missed": 13,
            "detection_rate": 0.0,
            "auc_vs_normal": 0.5493042460498082,
            "score_mean": 21570.21635193945,
            "score_min": 20079.956045764106,
            "score_max": 22698.262896287848
        },
        "session_modification": {
            "attack_code": 2,
            "n_samples": 12,
            "correctly_detected": 12,
            "missed": 0,
            "detection_rate": 1.0,
            "auc_vs_normal": 1.0,
            "score_mean": 78044712.90952295,
            "score_min": 78044712.7955116,
            "score_max": 78044713.12251972
        },
        "upf_pdn0_fault": {
            "attack_code": 5,
            "n_samples": 12,
            "correctly_detected": 12,
            "missed": 0,
            "detection_rate": 1.0,
            "auc_vs_normal": 1.0,
            "score_mean": 9437828468.193972,
            "score_min": 9437828468.190935,
            "score_max": 9437828468.197012
        },
        "restoration_teid": {
            "attack_code": 6,
            "n_samples": 22,
            "correctly_detected": 22,
            "missed": 0,
            "detection_rate": 1.0,
            "auc_vs_normal": 1.0,
            "score_mean": 1498473601.3149793,
            "score_min": 1498473601.2337546,
            "score_max": 1498473601.4323053
        }
    },
    "model_name": "PCA"
}