{
    "model": "COPOD",
    "best_params": {
        "contamination": 0.05
    },
    "roc_auc": 0.8478162213539739,
    "f1": 0.5603576751117735,
    "precision": 0.6077586206896551,
    "recall": 0.5198156682027649
}