{
    "model": "ECOD",
    "best_params": {
        "contamination": 0.01
    },
    "roc_auc": 0.8805068734880858,
    "f1": 0.6380789022298456,
    "precision": 0.8403614457831325,
    "recall": 0.5142857142857142
}