{
    "model": "HBOS",
    "best_params": {
        "contamination": 0.001,
        "n_bins": 10,
        "tol": 0.1
    },
    "roc_auc": 0.9858247211845227,
    "f1": 0.8825806451612903,
    "precision": 0.8274193548387097,
    "recall": 0.9456221198156682
}