{
    "model": "IForest",
    "best_params": {
        "contamination": 0.01,
        "max_features": 0.5,
        "max_samples": 0.7,
        "n_estimators": 200,
        "random_state": 42
    },
    "roc_auc": 0.934245318665737,
    "f1": 0.6903353057199211,
    "precision": 0.5365355135411344,
    "recall": 0.967741935483871
}