{
    "model": "LODA",
    "best_params": {
        "contamination": 0.01,
        "n_bins": 50,
        "n_random_cuts": 50
    },
    "roc_auc": 0.5741345326067055,
    "f1": 0.3881918819188192,
    "precision": 0.9740740740740741,
    "recall": 0.2423963133640553
}