{
    "model": "LOF",
    "best_params": {
        "contamination": 0.01,
        "n_neighbors": 50
    },
    "roc_auc": 0.8342562258726739,
    "f1": 0.5406078724464375,
    "precision": 0.3704335950836463,
    "recall": 1.0
}