{
  "model": "ABOD",
  "best_params": {
    "contamination": 0.001,
    "n_neighbors": 100
  },
  "accuracy": 0.7934310532030402,
  "f1": 0.48101841327574446,
  "roc_auc": 0.6854124477137546,
  "precision": 0.45271715875053486,
  "recall": 0.513094083414161
}