{
  "model": "HBOS",
  "best_params": {
    "contamination": 0.05,
    "n_bins": 25
  },
  "accuracy": 0.8240137531668477,
  "f1": 0.6773926024216288,
  "roc_auc": 0.8880869356942567,
  "precision": 0.5147466599445425,
  "recall": 0.9903006789524733
}