{
  "model": "LOF",
  "best_params": {
    "contamination": 0.05,
    "n_neighbors": 3
  },
  "accuracy": 0.8615635179153095,
  "f1": 0.5723868082727781,
  "roc_auc": 0.7209388813305871,
  "precision": 0.6754617414248021,
  "recall": 0.49660523763336567
}