{
  "model": "PCA",
  "best_params": {
    "contamination": 0.001,
    "n_neighbors": 100
  },
  "accuracy": 0.8165038002171553,
  "f1": 0.5106177606177607,
  "roc_auc": 0.6995948726303286,
  "precision": 0.5081652257444764,
  "recall": 0.513094083414161
}