{
    "overall_performance": {
        "n_samples_total": 5817,
        "n_normal": 4732,
        "n_attacks": 1085,
        "auc": 0.9993545270751935,
        "f1": 0.9977011494252873,
        "precision": 0.9954128440366973,
        "recall": 1.0,
        "accuracy": 0.9991404504039884,
        "detection_rate": 1.0,
        "fp_rate": 0.0010566356720202875,
        "tp": 1085,
        "fn": 0,
        "fp": 5,
        "tn": 4727
    },
    "normal_condition": {
        "n_samples": 4732,
        "correctly_classified": 4727,
        "misclassified_as_attack": 5,
        "accuracy": 0.9989433643279797,
        "score_mean": -1.2951306952600186,
        "score_min": -5.200262791461007,
        "score_max": 1.7076616234740116
    },
    "attacks_by_category": {
        "flooding": {
            "attack_code": 0,
            "n_samples": 1026,
            "correctly_detected": 1026,
            "missed": 0,
            "detection_rate": 1.0,
            "auc_vs_normal": 0.9993538662567002,
            "score_mean": 0.9776000776957972,
            "score_min": 0.5929249942790312,
            "score_max": 1.0489822663674195
        },
        "session_deletion": {
            "attack_code": 1,
            "n_samples": 13,
            "correctly_detected": 13,
            "missed": 0,
            "detection_rate": 1.0,
            "auc_vs_normal": 0.9993660185967878,
            "score_mean": 1.0022081124753284,
            "score_min": 1.0002710836942752,
            "score_max": 1.0125752917927944
        },
        "session_modification": {
            "attack_code": 2,
            "n_samples": 12,
            "correctly_detected": 12,
            "missed": 0,
            "detection_rate": 1.0,
            "auc_vs_normal": 0.9993660185967878,
            "score_mean": 1.0000426474222592,
            "score_min": 0.9999847378010688,
            "score_max": 1.0001584666638323
        },
        "upf_pdn0_fault": {
            "attack_code": 5,
            "n_samples": 12,
            "correctly_detected": 12,
            "missed": 0,
            "detection_rate": 1.0,
            "auc_vs_normal": 0.9993660185967878,
            "score_mean": 1.0002957715886034,
            "score_min": 1.0002957715886016,
            "score_max": 1.0002957715886047
        },
        "restoration_teid": {
            "attack_code": 6,
            "n_samples": 22,
            "correctly_detected": 22,
            "missed": 0,
            "detection_rate": 1.0,
            "auc_vs_normal": 0.9993660185967878,
            "score_mean": 0.9998063510556652,
            "score_min": 0.9998024191077695,
            "score_max": 0.9998113320739556
        }
    },
    "model_name": "Ensemble_SVC_C10_G10_HBOS_KNN_ABOD_INNE_PCA"
}