{
    "overall_performance": {
        "n_samples_total": 5817,
        "n_normal": 4732,
        "n_attacks": 1085,
        "auc": 0.9958172809112191,
        "f1": 0.977859778597786,
        "precision": 0.9787626962142197,
        "recall": 0.9769585253456221,
        "accuracy": 0.9917483238782878,
        "detection_rate": 0.9769585253456221,
        "fp_rate": 0.0048605240912933225,
        "tp": 1060,
        "fn": 25,
        "fp": 23,
        "tn": 4709
    },
    "normal_condition": {
        "n_samples": 4732,
        "correctly_classified": 4709,
        "misclassified_as_attack": 23,
        "accuracy": 0.9951394759087067,
        "score_mean": 32.04465480304762,
        "score_min": 26.970871973504803,
        "score_max": 49.23876906707727
    },
    "attacks_by_category": {
        "flooding": {
            "attack_code": 0,
            "n_samples": 1026,
            "correctly_detected": 1026,
            "missed": 0,
            "detection_rate": 1.0,
            "auc_vs_normal": 0.9993816724585955,
            "score_mean": 46.83795744750694,
            "score_min": 46.38954570637571,
            "score_max": 47.25465891578965
        },
        "session_deletion": {
            "attack_code": 1,
            "n_samples": 13,
            "correctly_detected": 0,
            "missed": 13,
            "detection_rate": 0.0,
            "auc_vs_normal": 0.712806424344886,
            "score_mean": 36.47744324243094,
            "score_min": 36.477401573368255,
            "score_max": 36.477455743149754
        },
        "session_modification": {
            "attack_code": 2,
            "n_samples": 12,
            "correctly_detected": 12,
            "missed": 0,
            "detection_rate": 1.0,
            "auc_vs_normal": 0.9995773457311918,
            "score_mean": 46.88907829391877,
            "score_min": 46.88751308597498,
            "score_max": 46.89220870980635
        },
        "upf_pdn0_fault": {
            "attack_code": 5,
            "n_samples": 12,
            "correctly_detected": 0,
            "missed": 12,
            "detection_rate": 0.0,
            "auc_vs_normal": 0.9951394759087067,
            "score_mean": 41.98241008234856,
            "score_min": 41.98241008234856,
            "score_max": 41.98241008234856
        },
        "restoration_teid": {
            "attack_code": 6,
            "n_samples": 22,
            "correctly_detected": 22,
            "missed": 0,
            "detection_rate": 1.0,
            "auc_vs_normal": 0.9951394759087067,
            "score_mean": 43.25456901145456,
            "score_min": 43.254433799262834,
            "score_max": 43.25474035921813
        }
    },
    "model_name": "HBOS"
}