{
    "overall_performance": {
        "n_samples_total": 5817,
        "n_normal": 4732,
        "n_attacks": 1085,
        "auc": 0.9657044302737319,
        "f1": 0.771343726800297,
        "precision": 0.6457426973275326,
        "recall": 0.9576036866359448,
        "accuracy": 0.8941034897713598,
        "detection_rate": 0.9576036866359448,
        "fp_rate": 0.12045646661031277,
        "tp": 1039,
        "fn": 46,
        "fp": 570,
        "tn": 4162
    },
    "normal_condition": {
        "n_samples": 4732,
        "correctly_classified": 4162,
        "misclassified_as_attack": 570,
        "accuracy": 0.8795435333896873,
        "score_mean": -0.07777931263571042,
        "score_min": -0.20358770907677226,
        "score_max": 0.07876036215023563
    },
    "attacks_by_category": {
        "flooding": {
            "attack_code": 0,
            "n_samples": 1026,
            "correctly_detected": 1026,
            "missed": 0,
            "detection_rate": 1.0,
            "auc_vs_normal": 0.9775735772699337,
            "score_mean": 0.04828213306836439,
            "score_min": 0.006651867363451136,
            "score_max": 0.07083379129621226
        },
        "session_deletion": {
            "attack_code": 1,
            "n_samples": 13,
            "correctly_detected": 0,
            "missed": 13,
            "detection_rate": 0.0,
            "auc_vs_normal": 0.5691527407503739,
            "score_mean": -0.0602896459039115,
            "score_min": -0.08441130082969539,
            "score_max": -0.05329643892324609
        },
        "session_modification": {
            "attack_code": 2,
            "n_samples": 12,
            "correctly_detected": 0,
            "missed": 12,
            "detection_rate": 0.0,
            "auc_vs_normal": 0.7084213863060017,
            "score_mean": -0.03436582894595261,
            "score_min": -0.044832570562981955,
            "score_max": -0.021250117632127252
        },
        "upf_pdn0_fault": {
            "attack_code": 5,
            "n_samples": 12,
            "correctly_detected": 12,
            "missed": 0,
            "detection_rate": 1.0,
            "auc_vs_normal": 0.9938715131022824,
            "score_mean": 0.041704954675258366,
            "score_min": 0.041704954675258366,
            "score_max": 0.041704954675258366
        },
        "restoration_teid": {
            "attack_code": 6,
            "n_samples": 22,
            "correctly_detected": 1,
            "missed": 21,
            "detection_rate": 0.045454545454545456,
            "auc_vs_normal": 0.771468915699685,
            "score_mean": -0.022903122234433207,
            "score_min": -0.06129721917443842,
            "score_max": 0.007977709140361
        }
    },
    "model_name": "IForest"
}