{
    "overall_performance": {
        "n_samples_total": 5817,
        "n_normal": 4732,
        "n_attacks": 1085,
        "auc": 0.6311988968139268,
        "f1": 0.6947115384615384,
        "precision": 0.998272884283247,
        "recall": 0.5327188940092166,
        "accuracy": 0.9126697610452124,
        "detection_rate": 0.5327188940092166,
        "fp_rate": 0.00021132713440405747,
        "tp": 578,
        "fn": 507,
        "fp": 1,
        "tn": 4731
    },
    "normal_condition": {
        "n_samples": 4732,
        "correctly_classified": 4731,
        "misclassified_as_attack": 1,
        "accuracy": 0.9997886728655959,
        "score_mean": 111473.09087417666,
        "score_min": 483.95144384583574,
        "score_max": 3353350.6339422665
    },
    "attacks_by_category": {
        "flooding": {
            "attack_code": 0,
            "n_samples": 1026,
            "correctly_detected": 532,
            "missed": 494,
            "detection_rate": 0.5185185185185185,
            "auc_vs_normal": 0.6198550287619113,
            "score_mean": 6.113197106152534e+17,
            "score_min": 22712.910909878,
            "score_max": 2.514600746664579e+18
        },
        "session_deletion": {
            "attack_code": 1,
            "n_samples": 13,
            "correctly_detected": 0,
            "missed": 13,
            "detection_rate": 0.0,
            "auc_vs_normal": 0.2215033487222836,
            "score_mean": 29602.838299302417,
            "score_min": 29435.932310698714,
            "score_max": 29858.899376903304
        },
        "session_modification": {
            "attack_code": 2,
            "n_samples": 12,
            "correctly_detected": 12,
            "missed": 0,
            "detection_rate": 1.0,
            "auc_vs_normal": 1.0,
            "score_mean": 345181719.46543723,
            "score_min": 345181719.3295156,
            "score_max": 345181720.5815667
        },
        "upf_pdn0_fault": {
            "attack_code": 5,
            "n_samples": 12,
            "correctly_detected": 12,
            "missed": 0,
            "detection_rate": 1.0,
            "auc_vs_normal": 1.0,
            "score_mean": 3061536043.404743,
            "score_min": 3061536043.388534,
            "score_max": 3061536043.4209523
        },
        "restoration_teid": {
            "attack_code": 6,
            "n_samples": 22,
            "correctly_detected": 22,
            "missed": 0,
            "detection_rate": 1.0,
            "auc_vs_normal": 1.0,
            "score_mean": 5569229655.985961,
            "score_min": 5569229655.89814,
            "score_max": 5569229656.089076
        }
    },
    "model_name": "KNN"
}