{
    "overall_performance": {
        "n_samples_total": 5817,
        "n_normal": 4732,
        "n_attacks": 1085,
        "auc": 0.8780032799529434,
        "f1": 0.5601398601398602,
        "precision": 0.4512676056338028,
        "recall": 0.7382488479262673,
        "accuracy": 0.7837373216434588,
        "detection_rate": 0.7382488479262673,
        "fp_rate": 0.20583262890955198,
        "tp": 801,
        "fn": 284,
        "fp": 974,
        "tn": 3758
    },
    "normal_condition": {
        "n_samples": 4732,
        "correctly_classified": 3758,
        "misclassified_as_attack": 974,
        "accuracy": 0.794167371090448,
        "score_mean": 14.47205649943639,
        "score_min": 0.8829406430239208,
        "score_max": 280.3314904180316
    },
    "attacks_by_category": {
        "flooding": {
            "attack_code": 0,
            "n_samples": 1026,
            "correctly_detected": 755,
            "missed": 271,
            "detection_rate": 0.7358674463937622,
            "auc_vs_normal": 0.8763274886756668,
            "score_mean": 6.113197106144885e+27,
            "score_min": 1.0,
            "score_max": 2.5146007466645786e+28
        },
        "session_deletion": {
            "attack_code": 1,
            "n_samples": 13,
            "correctly_detected": 0,
            "missed": 13,
            "detection_rate": 0.0,
            "auc_vs_normal": 0.5785811821314779,
            "score_mean": 9.095949994039021,
            "score_min": 8.792467322997416,
            "score_max": 9.264135591578157
        },
        "session_modification": {
            "attack_code": 2,
            "n_samples": 12,
            "correctly_detected": 12,
            "missed": 0,
            "detection_rate": 1.0,
            "auc_vs_normal": 1.0,
            "score_mean": 49830.22044185523,
            "score_min": 46197.03705262704,
            "score_max": 50375.91670913796
        },
        "upf_pdn0_fault": {
            "attack_code": 5,
            "n_samples": 12,
            "correctly_detected": 12,
            "missed": 0,
            "detection_rate": 1.0,
            "auc_vs_normal": 1.0,
            "score_mean": 35732.87071030845,
            "score_min": 35732.87071011923,
            "score_max": 35732.87071049768
        },
        "restoration_teid": {
            "attack_code": 6,
            "n_samples": 22,
            "correctly_detected": 22,
            "missed": 0,
            "detection_rate": 1.0,
            "auc_vs_normal": 1.0,
            "score_mean": 357734.6217333385,
            "score_min": 264827.7671585123,
            "score_max": 430497.0179603095
        }
    },
    "model_name": "LOF"
}